artist,genres,popularity,followers,artist_id
Tones And I,"['australian pop', 'pop']",77,2886914,2NjfBq1NflQcKSeiDooVjY
Arizona Zervas,"['pop rap', 'rhode island rap']",72,643706,0vRvGUQVUjytro0xpb26bs
KAROL G,"['latin', 'reggaeton', 'reggaeton colombiano', 'trap latino']",87,20081766,790FomKkXshlbRYZFtlgla
Post Malone,"['dfw rap', 'melodic rap', 'rap']",91,35044259,246dkjvS1zLTtiykXe5h60
Maroon 5,"['pop', 'pop rock']",88,34099468,04gDigrS5kc9YWfZHwBETP
Trevor Daniel,"['alternative r&b', 'melodic rap', 'pop', 'pop rap']",73,662918,7uaIm6Pw7xplS8Dy06V6pT
Dua Lipa,"['dance pop', 'pop', 'uk pop']",92,30206009,6M2wZ9GZgrQXHCFfjv46we
Black Eyed Peas,"['dance pop', 'pop', 'pop rap']",82,6257313,1yxSLGMDHlW21z4YXirZDS
Shawn Mendes,"['canadian pop', 'dance pop', 'pop', 'viral pop']",87,35506491,7n2wHs1TKAczGzO7Dd2rGr
The Weeknd,"['canadian contemporary r&b', 'canadian pop', 'pop']",96,39162506,1Xyo4u8uXC1ZmMpatF05PJ
Roddy Ricch,"['melodic rap', 'rap', 'trap']",83,7145253,757aE44tKEUQEqRuT6GnEB
Billie Eilish,"['art pop', 'electropop', 'pop']",92,53220445,6qqNVTkY8uBg9cP3Jd7DAH
Lewis Capaldi,"['pop', 'uk pop']",82,8922600,4GNC7GD6oZMSxPGyXy4MNB
Harry Styles,['pop'],87,17886878,6KImCVD70vtIoJWnq6nGn3
Bad Bunny,"['latin', 'reggaeton', 'trap latino']",97,40331783,4q3ewBCX7sLwd24euuV69X
Camila Cabello,"['dance pop', 'pop', 'post-teen pop']",84,24443410,4nDoRrQiYLoBzwC5BhVJzF
blackbear,"['pop', 'pop rap']",84,4483579,2cFrymmkijnjDg9SS92EPM
Anuel AA,"['latin', 'reggaeton', 'reggaeton flow', 'trap boricua', 'trap latino']",90,19599191,2R21vXR83lH98kGeO99Y66
Selena Gomez,"['dance pop', 'pop', 'post-teen pop']",85,31558175,0C8ZW7ezQVs4URX5aX7Kqx
DaBaby,"['north carolina hip hop', 'rap']",89,8557260,4r63FhuTkUYltbVAg5TQnk
Regard,"['dance pop', 'edm', 'electro house', 'pop', 'pop dance', 'pop edm', 'slap house', 'tropical house']",76,162974,4ofCBoyEiGSePFAG500xev
Travis Scott,"['rap', 'slap house']",92,19098533,0Y5tJX1MQlPlqiwlOH1tJY
Juice WRLD,"['chicago rap', 'melodic rap']",93,20905742,4MCBfE4596Uoi2O4DtmEMz
Ed Sheeran,"['pop', 'uk pop']",96,88765426,6eUKZXaKkcviH0Ku9w2n3V
Rauw Alejandro,"['puerto rican pop', 'trap latino']",92,8034372,1mcTU81TzQhprhouKaTkpq
Don Toliver,"['pop', 'rap', 'trap']",84,1864357,4Gso3d4CscCijv0lmajZWs
Lil Nas X,"['lgbtq+ hip hop', 'pop']",91,7950859,7jVv8c5Fj3E9VhNjxT4snq
Lil Uzi Vert,"['melodic rap', 'philly rap', 'rap', 'trap']",89,12437621,4O15NlyKLIASxsJ0PrXPfz
J Balvin,"['latin', 'reggaeton', 'reggaeton colombiano', 'trap latino']",93,31093805,1vyhD5VmyZ7KMfW5gqLgo5
Ariana Grande,"['dance pop', 'pop']",93,72526907,66CXWjxzNUsdJxJ2JdwvnR
Daddy Yankee,"['latin', 'latin hip hop', 'reggaeton', 'trap latino']",88,25092461,4VMYDCV2IEDYJArk749S6m
Y2K,['pop rap'],67,274692,6USMTwO0MNDnKte5a5h0xx
Dalex,"['latin', 'r&b en espanol', 'reggaeton', 'trap latino']",81,3834413,0KPX4Ucy9dk82uj4GpKesn
Nicky Jam,"['latin', 'latin hip hop', 'reggaeton', 'trap latino']",86,15676139,1SupJlEpv7RS2tPNRaHViT
Sam Smith,"['dance pop', 'pop', 'uk pop']",86,18180439,2wY79sveU1sp5g7SokKOiI
Jhay Cortez,"['latin', 'reggaeton', 'trap latino']",88,3032191,0EFisYRi20PTADoJrifHrz
MEDUZA,"['edm', 'pop', 'pop dance', 'pop house', 'tropical house']",79,473838,0xRXCcSX89eobfrshSVdyu
Dan + Shay,"['contemporary country', 'country', 'pop']",77,2466009,7z5WFjZAIYejWy0NI5lv4T
Dímelo Flow,"['latin', 'reggaeton', 'reggaeton flow', 'trap latino']",74,250045,3fZk3Gm5dN5v5yfYMQ04Bx
Lizzo,"['dance pop', 'escape room', 'minnesota hip hop', 'pop', 'trap queen']",76,4234976,56oDRnqbIiwx4mymNEv7dS
Tyga,"['dance pop', 'hip hop', 'pop rap', 'rap', 'southern hip hop', 'trap']",84,6397254,5LHRHt1k9lMyONurDHEdrp
Mustard,"['cali rap', 'hip hop', 'pop rap', 'rap', 'southern hip hop', 'trap']",77,915175,0YinUQ50QDB7ZxSCLyQ40k
Marshmello,"['brostep', 'dance pop', 'edm', 'pop', 'pop dance', 'progressive electro house']",86,32615100,64KEffDW9EtZ1y2vBYgq8T
YNW Melly,"['melodic rap', 'trap']",79,6846231,1cNDP5yjU5vjeR8qMf4grg
Tainy,"['latin', 'latin hip hop', 'latin pop', 'pop reggaeton', 'reggaeton', 'trap latino']",84,676530,0GM7qgcRCORpGnfcN2tCiB
JACKBOYS,"['rap', 'trap']",71,462396,7A8S43ryYdbWpJKeHRZRcq
Lil Tecca,"['melodic rap', 'rap']",83,4539277,4Ga1P7PMIsmqEZqhYZQgDo
ROSALÍA,['r&b en espanol'],82,4923128,7ltDVBr6mKbRvohxheJ9h1
SHAED,"['electropop', 'pop']",65,145864,3KwmxIhSe9UTSEF37kwngR
Lady Gaga,"['art pop', 'dance pop', 'pop']",86,20095518,1HY2Jd0NmPuamShAr6KMms
Queen,"['classic rock', 'glam rock', 'rock']",87,38224385,1dfeR4HaWDbWqFHLkxsg1d
Henrique & Juliano,['sertanejo universitario'],85,13887072,3p7PcrEHaaKLJnPUGOtRlT
Red Velvet,"['k-pop', 'k-pop girl group']",75,6215847,1z4g3DjTBBZKhvAroFlhOM
Jonas Brothers,"['boy band', 'dance pop', 'pop', 'post-teen pop']",81,5784310,7gOdHgIoIKoe4i9Tta6qdD
Ant Saunders,"['chill r&b', 'pop']",58,83989,4jpsw9CQS439N0B7SecMgf
Camilo,"['colombian pop', 'reggaeton colombiano']",85,12566026,28gNT5KBp7IjEOQoevXf9N
Lunay,"['latin', 'latin hip hop', 'latin pop', 'reggaeton', 'reggaeton flow', 'trap latino']",78,5613477,47MpMsUfWtgyIIBEFOr4FE
Ali Gatie,"['canadian hip hop', 'pop']",75,1811411,4rTv3Ejc7hKMtmoBOK1B4T
Reik,"['latin', 'latin arena pop', 'latin pop', 'mexican pop']",82,6597814,0vR2qb8m9WHeZ5ByCbimq2
Drake,"['canadian hip hop', 'canadian pop', 'hip hop', 'rap', 'toronto rap']",97,59139145,3TVXtAsR1Inumwj472S9r4
DJ Snake,"['dance pop', 'edm', 'electronic trap', 'pop', 'pop dance', 'pop rap']",82,7620865,540vIaP2JwjQb9dm3aArA4
Stormzy,"['grime', 'uk hip hop']",76,2390159,2SrSdSvpminqmStGELCSNd
Lil Baby,"['atl hip hop', 'atl trap', 'rap', 'trap']",91,8867062,5f7VJjfbwm532GiveGC0ZK
Rich Music LTD,"['latin', 'reggaeton', 'trap latino']",68,213258,2kqUKsTuEj1lPbm6BSn1AU
Lauv,"['dance pop', 'electropop', 'pop']",81,4679554,5JZ7CnR6gTvEMKX4g70Amv
The Chainsmokers,"['dance pop', 'edm', 'electropop', 'pop', 'pop dance', 'tropical house']",83,18582817,69GGBxA162lTqCwzJG5jLp
Calvin Harris,"['dance pop', 'edm', 'electro house', 'house', 'pop', 'pop rap', 'progressive house', 'uk dance']",85,22323621,7CajNmpbOovFoOoasH2HaY
Pedro Capó,"['latin', 'latin pop', 'puerto rican pop']",73,1406708,4QVBYiagIaa6ZGSPMbybpy
Ava Max,"['dance pop', 'pop']",84,4541107,4npEfmQ6YuiwW1GpUmaq3F
Sech,"['latin', 'panamanian pop', 'reggaeton', 'trap latino']",88,9625625,77ziqFxp5gaInVrF2lj4ht
Imagine Dragons,"['modern rock', 'pop', 'rock']",90,36944196,53XhwfbYqKCa1cC15pYq2q
SAINt JHN,"['melodic rap', 'pop rap', 'rap', 'slap house', 'trap']",75,785205,0H39MdGGX6dbnnQPt6NQkZ
Anitta,"['funk carioca', 'funk pop', 'pagode baiano', 'pop nacional']",81,10950073,7FNnA9vBm6EKceENgCGRMb
French Montana,"['hip hop', 'pop rap', 'rap', 'southern hip hop', 'trap']",80,4215518,6vXTefBL93Dj5IqAWq6OTv
PEDRO SAMPAIO,['funk carioca'],74,1157081,5wbf52LA6kcaboHSN6NEF1
Halsey,"['dance pop', 'electropop', 'etherpop', 'indie poptimism', 'pop']",86,16541993,26VFTg2z8YR0cCuwLzESi2
Avicii,"['dance pop', 'edm', 'pop', 'pop dance']",83,20983866,1vCWHaC5f2uS3yhpwWbIA6
Chris Brown,"['dance pop', 'pop', 'pop rap', 'r&b', 'rap']",89,14873812,7bXgB6jMjp9ATFy66eO08Z
Ellie Goulding,"['dance pop', 'electropop', 'indietronica', 'metropopolis', 'pop', 'uk pop']",80,10214560,0X2BH1fck6amBIoJhDVmmJ
Panic! At The Disco,['modern rock'],81,11043379,20JZFwl6HVl6yg8a4H3ZqK
JP Saxe,"['alt z', 'canadian contemporary r&b', 'pop', 'pop rock']",73,308773,66W9LaWS0DPdL7Sz8iYGYe
XXXTENTACION,"['emo rap', 'miami hip hop']",90,32652861,15UsOTVnJzReFVN1VCnxy4
Major Lazer,"['dance pop', 'edm', 'electro house', 'moombahton', 'pop', 'pop dance', 'pop rap', 'tropical house']",78,6249439,738wLrAtLtCtFOLvQBXOXp
Khalid,"['pop', 'pop r&b']",89,14614643,6LuN9FCkKOj5PcnpouEgny
Idina Menzel,"['hollywood', 'show tunes']",74,369257,73Np75Wv2tju61Eo9Zw4IR
Marília Mendonça,['sertanejo'],90,21825314,1yR65psqiazQpeM79CcGh8
Macklemore & Ryan Lewis,"['pop rap', 'seattle hip hop']",75,2562116,5BcAKTbp20cv7tC5VqPFoC
Kygo,"['edm', 'pop', 'pop dance', 'tropical house']",83,7800394,23fqKkggKUBHNkbKtXEls4
Jorge & Mateus,"['sertanejo', 'sertanejo universitario']",81,15735288,1elUiq4X7pxej6FRlrEzjM
Dadá Boladão,"['brega funk', 'funk carioca']",50,214731,36SRwzRkX5zW3ABjJrevqX
Cardi B,"['dance pop', 'pop', 'pop rap', 'rap']",85,18594070,4kYSro6naA4h99UJvo89HB
Gusttavo Lima,"['sertanejo', 'sertanejo universitario']",84,14121340,7MiDcPa6UiV3In7lIM71IN
Lil Mosey,"['melodic rap', 'rap', 'rap conscient', 'trap', 'vapor trap']",76,4151235,5zctI4wO9XSKS8XwcnqEHk
Maluma,"['latin', 'reggaeton', 'reggaeton colombiano']",88,28492331,1r4hJ1h58CWwUQe3MxPuau
benny blanco,"['electropop', 'pop', 'pop rap']",76,847636,5CiGnKThu5ctn9pBxv7DGa
Doja Cat,"['dance pop', 'pop']",94,12785782,5cj0lLjcoR7YOSnhnX0Po5
J. Cole,"['conscious hip hop', 'hip hop', 'north carolina hip hop', 'rap']",88,15138161,6l3HvQ5sa6mXTsMTB19rO5
Noah Cyrus,"['alt z', 'dance pop', 'pop', 'post-teen pop']",75,923481,55fhWPvDiMpLnE4ZzNXZyW
Zé Neto & Cristiano,"['sertanejo', 'sertanejo universitario']",82,15226546,487N2T9nIPEHrlTZLL3SQs
Piso 21,"['colombian pop', 'latin', 'latin pop', 'reggaeton', 'reggaeton colombiano', 'trap latino']",77,7595348,4bw2Am3p9ji3mYsXNXtQcd
Mabel,"['dance pop', 'edm', 'pop', 'pop dance', 'post-teen pop', 'tropical house', 'uk pop']",76,1470881,1MIVXf74SZHmTIp4V4paH4
Justin Quiles,"['latin', 'reggaeton', 'trap latino']",87,3121203,14zUHaJZo1mnYtn6IBRaRP
Dayvi,"['circuit', 'guaracha', 'perreo']",62,45821,2TWBei99x2tV70bdYbWdAf
James Arthur,"['pop', 'talent show', 'uk pop']",83,8981300,4IWBUUAFIplrNtaOHcJPRM
5 Seconds of Summer,"['boy band', 'dance pop', 'electropop', 'pop', 'post-teen pop']",81,8070899,5Rl15oVamLq7FbSb0NNBNy
Foster The People,"['indietronica', 'modern alternative rock', 'modern rock', 'pop rock', 'rock']",76,3312727,7gP3bB2nilZXLfPHJhMdvc
Trippie Redd,"['melodic rap', 'rap', 'trap']",87,6924226,6Xgp2XMz1fhVYe7i6yNAax
Zedd,"['complextro', 'dance pop', 'edm', 'electro house', 'electropop', 'german techno', 'pop', 'pop dance', 'tropical house']",78,5621880,2qxJFvFYMEDqd7ui6kSAcq
TOTO,"['album rock', 'classic rock', 'mellow gold', 'rock', 'soft rock', 'yacht rock']",74,2092683,0PFtn5NtBbbUNbU9EAmIWF
24kGoldn,"['cali rap', 'pop rap']",81,1462150,6fWVd57NKTalqvmjRd2t8Z
Mark Ronson,"['dance pop', 'pop']",77,937547,3hv9jJF3adDNsBSIQDqcjp
Felipe Original,"['brega funk', 'funk carioca']",56,64633,2Cra8I2P4OnMkVguqZRVwi
Niall Horan,"['dance pop', 'pop', 'post-teen pop']",80,7986260,1Hsdzj7Dlq2I7tHP7501T4
Taylor Swift,['pop'],100,46250361,06HL4z0CvFAxyc27GXpf02
Portugal. The Man,"['indie rock', 'modern alternative rock', 'modern rock', 'rock']",68,1276914,4kI8Ie27vjvonwaB2ePh8T
Guilherme & Benuto,['sertanejo pop'],72,294399,6m6e7D2TnV0aYMllFFwMxu
Alec Benjamin,"['alt z', 'dream smp', 'electropop', 'pop']",79,3124743,5IH6FPUwQTxPSXurCrcIov
Riton,"['dance pop', 'edm', 'house', 'pop dance', 'tropical house', 'uk dance']",74,91318,7i9j813KFoSBMldGqlh2Z1
Ozuna,"['latin', 'puerto rican pop', 'reggaeton', 'trap latino']",90,30404180,1i8SpTcr7yvPOmcqrbnVXY
Meek Mill,"['hip hop', 'philly rap', 'pop rap', 'rap', 'southern hip hop', 'trap']",82,5627202,20sxb77xiYeusSH8cVdatc
Luis Fonsi,"['latin', 'latin pop', 'puerto rican pop']",78,9849450,4V8Sr092TqfHkfAA5fXXqG
LUDMILLA,"['funk carioca', 'funk pop', 'pagode baiano', 'pop nacional']",74,4317373,3CDoRporvSjdzTrm99a3gi
Journey,"['album rock', 'classic rock', 'hard rock', 'mellow gold', 'rock', 'soft rock']",75,3958679,0rvjqX7ttXeg3mTy8Xscbt
Los Ángeles Azules,"['gruperas inmortales', 'nu-cumbia', 'regional mexican', 'tropical']",78,5099282,0ZCO8oVkMj897cKgFH7fRW
BROCKHAMPTON,"['boy band', 'hip hop', 'rap']",73,1891940,1Bl6wpkWCQ4KVgnASpvzzA
Kina,"['sad lo-fi', 'sad rap']",73,688142,4qIVPF0s71ZYW3qzhu5GkF
Dean Lewis,"['australian pop', 'pop', 'pop rock']",76,1812169,3QSQFmccmX81fWCUSPTS7y
Conan Gray,"['bedroom pop', 'electropop', 'indie pop', 'pop']",81,4470118,4Uc8Dsxct0oMqx0P6i60ea
John Legend,"['neo soul', 'pop', 'pop soul', 'r&b', 'urban contemporary']",82,6016349,5y2Xq6xcjJb2jVM54GHK3t
Alan Walker,['electro house'],84,31483451,7vk5e3vY1uw9plTHJAMwjN
Anne-Marie,"['dance pop', 'pop', 'pop dance', 'post-teen pop', 'tropical house', 'uk pop']",81,8767035,1zNqDE7qDGCsyzJwohVaoX
Dominic Fike,"['alternative pop rock', 'pop']",73,582145,6USv9qhCn6zfxlBQIYJ9qs
Joji,"['alternative r&b', 'viral pop']",83,5173228,3MZsBdqDrRTJihTHQrO6Dq
Sam Feldt,"['dance pop', 'edm', 'electro house', 'pop', 'pop dance', 'pop edm', 'tropical house']",76,661732,20gsENnposVs2I4rQ5kvrf
Apache 207,['german hip hop'],75,1783428,1qQLhymHXFPtP5U8KNKsm6
Bazzi,"['dance pop', 'electropop', 'pop']",77,4680590,4GvEc3ANtPPjt1ZJllr5Zl
Katy Perry,"['dance pop', 'pop', 'post-teen pop']",86,19949332,6jJ0s89eD6GaHleKKya26X
BTS,"['k-pop', 'k-pop boy group']",95,42241569,3Nrfpe0tUJi4K4DXYWgMUX
Jeremy Zucker,"['electropop', 'pop']",79,1844433,3gIRvgZssIb9aiirIg0nI3
Justin Bieber,"['canadian pop', 'pop']",96,53660812,1uNFoZAHBGtllmzznpCI3s
Hailee Steinfeld,"['dance pop', 'pop', 'post-teen pop']",75,7218603,5p7f24Rk5HkUZsaS3BLG5F
Gradur,"['francoton', 'french hip hop', 'pop urbaine', 'rap francais']",63,1462190,2tcoLkA9Hexz70Kuc1NTUl
Dynoro,"['edm', 'electro house', 'pop dance', 'tropical house']",71,233346,3v6Ji4uoWtKRkhuDUaxi9n
TOKYO’S REVENGE,"['meme rap', 'sad rap', 'vapor trap', 'viral rap']",65,347998,5TbLOwv8BNnik3f03NZJlt
Olivia Rodrigo,['pop'],90,10940707,1McMsnEElThX1knmY4oliG
Tame Impala,"['australian psych', 'neo-psychedelic']",80,5260931,5INjqkS1o8h1imAzPqGZBb
Arcangel,"['latin', 'latin hip hop', 'reggaeton', 'trap latino']",84,7204165,4SsVbpTthjScTS7U2hmr1X
Future,"['atl hip hop', 'hip hop', 'pop rap', 'rap', 'southern hip hop', 'trap']",90,10877779,1RyvyyTE3xzB2ZywiAwp0i
Mac Miller,"['hip hop', 'pittsburgh rap', 'rap']",86,6661576,4LLpKhyESsyAXpc4laK94U
Megan Thee Stallion,"['houston rap', 'pop', 'trap queen']",86,5552840,181bsRPaVXVlUKXrxwZfHK
Likybo,['cali rap'],50,40742,16Nc36xAtNyQ7BMBcDsaLv
Shakira,"['colombian pop', 'dance pop', 'latin', 'latin pop', 'pop']",84,22719860,0EmeFodog0BfCgMzAIvKQp
Eminem,"['detroit hip hop', 'hip hop', 'rap']",92,49906308,7dGJo4pcD2V6oG8kP0tJRR
Ufo361,"['german cloud rap', 'german hip hop']",75,1747146,5pVRwX5ZQR7hfJ18w8ZYkl
The 1975,"['modern alternative rock', 'modern rock', 'pop', 'rock']",77,5238379,3mIj9lX2MWuHmhNCA7LSCW
Thiaguinho MT,"['brega funk', 'funk carioca']",49,28944,0yApzRdrUqTGqX9MULdnmV
Matthew Wilder,['new wave pop'],61,31952,3bmFPbLMiLxtR9tFrTcKcP
Surfaces,"['bedroom soul', 'pop']",75,776060,4ETSs924pXMzjIeD6E9b4u
Hayley Williams,"['art pop', 'indie pop']",68,476843,6Rx1JKzBrSzoKQtmbVmBnM
Gzuz,"['deep german hip hop', 'german hip hop', 'hamburg hip hop']",74,1171158,5eioJDe26lOqkAMbuhzZYs
Samra,['german hip hop'],75,1084515,6h1s4i4XKIYv4ErDelLDN0
Demi Lovato,"['dance pop', 'pop', 'post-teen pop']",83,21127060,6S2OmqARrzebs0tKUEyXyp
"Tyler, The Creator","['hip hop', 'rap']",86,7445381,4V8LLVI7PbaPR0K2TGSxFF
Myke Towers,['trap latino'],90,7284222,7iK8PXO48WeuP03g8YR51W
Lil Wayne,"['hip hop', 'new orleans rap', 'pop rap', 'rap', 'trap']",89,11197111,55Aa2cqylxrFIXC767Z865
Joker Bra,['german hip hop'],59,189993,325L7kby6bkG5qSXXAFEWM
A Boogie Wit da Hoodie,"['melodic rap', 'rap', 'trap']",84,6107074,31W5EY0aAly4Qieq6OFu6I
Meghan Trainor,"['dance pop', 'hip pop', 'pop', 'post-teen pop']",80,10955111,6JL8zeS1NmiOftqZTRgdTz
Russ,"['hawaiian hip hop', 'rap']",80,4177677,1z7b1Pr1rSlvWRzsW3HOrS
Gorillaz,['alternative hip hop'],82,7902165,3AA28KZvwAUcZuOKwyblJQ
Reynmen,"['turkish hip hop', 'turkish trap pop']",69,2396446,1Fg19vpUJpAAPFjnKaVYVW
Jack Harlow,"['deep underground hip hop', 'kentucky hip hop', 'rap']",88,1345906,2LIk90788K0zvyj2JJVwkJ
KSI,['uk hip hop'],74,2184486,1nzgtKYFckznkcVMR3Gg4z
Nicki Minaj,"['dance pop', 'hip pop', 'pop', 'pop rap', 'queens hip hop']",88,23274040,0hCNtLu0JehylgoiP8L4Gh
Tory Lanez,"['canadian hip hop', 'canadian trap', 'melodic rap', 'pop rap', 'r&b', 'rap', 'toronto rap', 'trap']",82,4039215,2jku7tDXc6XoB6MO2hFuqg
Justin Timberlake,"['dance pop', 'pop']",81,11437054,31TPClRtHm23RisEBtV3X7
Pop Smoke,['brooklyn drill'],88,8361909,0eDvMgVFoNV3TpwtrVCoTj
Green Day,"['permanent wave', 'punk']",81,12801246,7oPftvlwr6VrsViSDV7fJY
G-Eazy,"['indie pop rap', 'oakland hip hop', 'pop', 'pop rap', 'rap']",81,4966037,02kJSzxNuaWGqwubyUba0Z
Diodato,"['italian adult pop', 'italian indie pop']",52,124067,2QWrpLRDeBD1NwWAsytBRi
Pinguini Tattici Nucleari,"['bergamo indie', 'italian indie pop', 'italian pop', 'milan indie']",72,618821,6RdcIWVKYYzNzjQRd3oyHS
Migos,"['atl hip hop', 'rap', 'trap']",81,11943510,6oMuImdp5ZcFhWP0ESe6mG
Powfu,['sad rap'],77,992207,6bmlMHgSheBauioMgKv2tn
Bruno Mars,"['dance pop', 'pop']",92,35941022,0du5cEVh5yTK9QJze8zA0C
The Police,"['album rock', 'art rock', 'classic rock', 'mellow gold', 'new wave', 'permanent wave', 'rock', 'soft rock']",77,4574757,5NGO30tJxFlKixkPSgXcFE
Polo G,['chicago rap'],91,5944426,6AgTAQt8XS6jRWi4sX7w49
Ashe,"['alt z', 'electropop', 'indie pop', 'pop']",72,802551,6P5NO5hzJbuOqSdyPB7SJM
Ozzy Osbourne,"['album rock', 'birmingham metal', 'hard rock', 'metal', 'rock']",74,3906322,6ZLTlhejhndI4Rh53vYhrY
YoungBoy Never Broke Again,"['baton rouge rap', 'trap']",86,7856697,7wlFDEWiM5OoIAt8RSli8b
K CAMP,"['atl hip hop', 'hip hop', 'melodic rap', 'pop r&b', 'pop rap', 'r&b', 'rap', 'southern hip hop', 'trap']",67,1392054,5bgfj5zUoWpyeVatGDjn6H
MC Ingryd,['funk 150 bpm'],45,99526,09EYYUcfEDOvj3D5f45L99
Brent Faiyaz,"['dmv rap', 'pop', 'r&b', 'rap']",81,1957367,3tlXnStJ1fFhdScmQeLpuG
SZA,"['pop', 'r&b', 'rap']",87,6646427,7tYKF4w9nC0nq9CsPZTHyP
Martin Garrix,"['dance pop', 'dutch edm', 'edm', 'pop', 'pop dance', 'progressive house', 'tropical house']",80,15229480,60d24wfXkVzDSfLS6hyCjZ
Capital Bra,['german hip hop'],76,4169803,4WZGDpNwrC0vNQyl9QzF7d
Residente,['venezuelan hip hop'],67,916153,5GcWBUX00IPuWVGMIRK1sS
G Herbo,"['chicago drill', 'chicago rap', 'drill', 'rap', 'southern hip hop', 'trap']",78,1350562,5QdEbQJ3ylBnc3gsIASAT5
BENEE,"['alt z', 'nz pop', 'pop']",71,662884,0Cp8WN4V8Tu4QJQwCN5Md4
Christian Nodal,"['mariachi', 'nuevo regional mexicano', 'ranchera', 'regional mexican']",84,9291885,0XwVARXT135rw8lyw1EeWP
Jhené Aiko,"['alternative r&b', 'dance pop', 'pop', 'r&b', 'urban contemporary']",80,5021251,5ZS223C6JyBfXasXxrRqOk
Loredana,"['frauenrap', 'german hip hop', 'kosovan pop', 'romanian pop']",68,1076455,2Im8m4STDBosjfmb5hmP80
Gunna,"['atl hip hop', 'hip hop', 'melodic rap', 'rap', 'trap']",87,3651495,2hlmm7s2ICUX0LVIhVFlZQ
Ninho,"['french hip hop', 'pop urbaine']",83,5210197,6Te49r3A6f5BiIgBRxH7FH
PUBLIC,['indie rockism'],65,173390,4vxaQs6vK54nK89J1VtLex
Swae Lee,"['melodic rap', 'trap']",81,1343470,1zNqQNIdeOUZHb8zbZRFMX
Lil Yachty,"['atl hip hop', 'hip hop', 'melodic rap', 'rap', 'trap', 'viral rap']",81,7628665,6icQOAFXDZKsumw3YXyusw
ITZY,['k-pop girl group'],78,3111188,2KC9Qb60EaY0kW4eH68vr3
Alex Rose,"['latin', 'reggaeton', 'trap latino']",76,2438616,2DspEsT7UXGKd2VaaedgG4
Robin Schulz,"['dance pop', 'deep euro house', 'deep house', 'edm', 'german dance', 'pop', 'pop dance', 'tropical house']",80,2844654,3t5xRXzsuZmMDkQzgOX35S
OneRepublic,"['dance pop', 'neo mellow', 'piano rock', 'pop', 'pop rock']",84,12773534,5Pwc4xIPtQLFEnJriah9YJ
Rich The Kid,"['atl hip hop', 'hip hop', 'melodic rap', 'plugg', 'pop rap', 'rap', 'southern hip hop', 'trap']",75,2724136,1pPmIToKXyGdsCF6LmqLmI
DripReport,['viral rap'],59,95393,3O5HD95HTEPgoPFOjAb7yV
Kenny Rogers,"['adult standards', 'classic country pop', 'country', 'mellow gold', 'nashville sound', 'soft rock']",71,1843034,4tw2Lmn9tTPUv7Gy7mVPI4
Dolly Parton,"['classic country pop', 'country', 'country dawn']",75,1624333,32vWCbZh0xZ4o9gkz4PsEU
Topic,"['dance pop', 'edm', 'electro house', 'german dance', 'pop dance', 'pop edm', 'tropical house']",80,161777,0u6GtibW46tFX7koQ6uNJZ
Childish Gambino,"['atl hip hop', 'hip hop', 'pop', 'pop rap', 'rap']",79,8546351,73sIBHcqh3Z3NyqHKZ7FOL
Sub Urban,['modern indie pop'],74,1087640,7gXb99Sf9nNmpNYeAgIQFG
PARTYNEXTDOOR,"['pop', 'pop rap', 'r&b', 'rap', 'toronto rap', 'trap', 'urban contemporary']",79,3415632,2HPaUgqeutzr3jx5a9WyDV
NAV,"['canadian hip hop', 'canadian trap', 'hip hop', 'melodic rap', 'pop rap', 'rap', 'toronto rap', 'trap']",79,2768191,7rkW85dBwwrJtlHRDkJDAC
Zuna,"['albanian hip hop', 'german hip hop']",65,923405,2otUckChxWf2cp6UP2cD6e
Little Mix,"['dance pop', 'girl group', 'pop', 'post-teen pop', 'talent show', 'uk pop']",83,9807805,3e7awlrlDSwF3iM0WBjGMp
Surf Mesa,['tropical house'],68,139787,1lmU3giNF3CSbkVSQmLpHQ
Joyner Lucas,"['boston hip hop', 'hip hop', 'pop rap', 'rap']",78,1807433,6C1ohJrd5VydigQtaGy5Wa
Kontra K,"['christlicher rap', 'german hip hop']",71,1874071,4lDiJcOJ2GLCK6p9q5BgfK
AK AUSSERKONTROLLE,['german hip hop'],66,715691,07SFzTMeYf5P8Rd32a9Zzw
Luísa Sonza,"['funk carioca', 'pop nacional']",75,2263534,4PzYKhC14sTJNEr0dzoo0d
Frank Ocean,"['alternative r&b', 'hip hop', 'lgbtq+ hip hop', 'neo soul', 'pop']",84,8558011,2h93pZq0e7k5yf4dywlkpM
Bill Withers,"['funk', 'motown', 'quiet storm', 'soul']",74,1230105,1ThoqLcyIYvZn7iWbj8fsj
Troye Sivan,"['australian pop', 'dance pop', 'electropop', 'pop', 'viral pop']",80,6202158,3WGpXCj9YhhfX11TToZcXP
Madison Beer,"['alt z', 'dance pop', 'electropop', 'pop', 'post-teen pop']",78,4057367,2kRfqPViCqYdSGhYSM9R0Q
Shindy,['german hip hop'],69,813786,5j21TGkrNEAJe3gG9VlS34
Feid,"['colombian pop', 'latin', 'pop reggaeton', 'reggaeton', 'reggaeton colombiano', 'trap latino']",81,810034,2LRoIwlKmHjgvigdNGBHNo
Rod Wave,['florida rap'],80,2572169,45TgXXqMDdF8BkjA83OM7z
Vicetone,"['edm', 'electro house', 'pop dance', 'pop edm', 'progressive electro house', 'tropical house']",69,388823,0daugAjUgbJSqdlyYNwIbT
Twenty One Pilots,"['modern rock', 'rock']",84,21532675,3YQKmKGau1PzlVlkL1iodx
The Strokes,"['alternative rock', 'garage rock', 'modern rock', 'permanent wave', 'rock']",78,4066903,0epOFNiUfyON9EYx7Tpr6V
Bonez MC,"['german hip hop', 'hamburg hip hop']",78,1743017,1aS5tqEs9ci5P9KD9tZWa6
Leon Bridges,['modern blues'],75,1317940,3qnGvpP8Yth1AqSBMqON5x
Alesso,"['dance pop', 'edm', 'electro house', 'pop', 'pop dance', 'progressive electro house', 'tropical house']",77,3722402,4AVFqumd2ogHFlRbKIjp1t
Kid Cudi,"['hip hop', 'ohio hip hop', 'pop rap', 'rap']",85,5317115,0fA0VVWsXO9YnASrzqfmYu
Playboi Carti,"['atl hip hop', 'plugg', 'rap', 'trap']",87,5607097,699OTQXzgjhIYAHMy9RyPD
Rvssian,"['latin', 'latin hip hop', 'reggaeton', 'reggaeton flow', 'trap latino']",77,1553639,1fctva4kpRbg2k3v7kwRuS
21 Savage,"['atl hip hop', 'rap', 'trap']",88,10449578,1URnnhqYAYcrqrcwql10ft
Sam Fischer,"['alt z', 'australian pop', 'dance pop', 'pop', 'uk pop']",72,143446,6L1XC7NrmgWRlwAeLJvVtA
THE SCOTTS,[],64,181154,2PaZWGu5T5nHjY2xxAkFsT
Shirin David,"['frauenrap', 'german hip hop', 'german pop']",76,643799,0JBdTCGs111JKKYfLqOEBa
The Rolling Stones,"['british invasion', 'classic rock', 'rock']",81,11065418,22bE4uQ6baNwSHPVcDxLCe
Melanie Martinez,"['alt z', 'electropop', 'pop']",82,11992711,63yrD80RY3RNEM2YDpUpO8
Beyoncé,"['dance pop', 'pop', 'r&b']",86,29618609,6vWDO969PvNqNYHIOW5v0m
Banda MS de Sergio Lizárraga,"['banda', 'norteno', 'regional mexican']",82,13221409,2C6i0I5RiGzDKN9IAF8reh
Machine Gun Kelly,['ohio hip hop'],84,4176881,6TIYQ3jFPwQSRmorSezPxX
StaySolidRocky,['melodic rap'],65,155024,1XLWox9w1Yvbodui0SRhUQ
Luke Combs,"['contemporary country', 'country']",82,5859292,718COspgdWOnwOFpJHRZHS
IU,['k-pop'],76,5955364,3HqSLMAZ3g3d5poNaI7GOU
Adele,"['british soul', 'pop', 'pop soul', 'uk pop']",96,31702371,4dpARuHxo51G3z768sgnrY
Young T & Bugsey,"['afroswing', 'nottingham hip hop', 'uk hip hop']",66,280181,6M6XXCcO5gI68XpIlrUL3Z
6ix9ine,"['emo rap', 'rap']",75,6630169,7gZfnEnfiaHzxARJ2LeXrf
Kehlani,"['dance pop', 'pop', 'pop rap', 'r&b']",79,5275591,0cGUm45nv7Z6M6qdXYQGTX
Lil Tjay,"['brooklyn drill', 'melodic rap', 'nyc rap']",85,4193083,6jGMq4yGs7aQzuGsMgVgZR
Haftbefehl,['german hip hop'],68,544577,6ynopZPMBXcIGBI9M02Un5
Lil Durk,"['chicago drill', 'chicago rap', 'drill', 'hip hop', 'rap', 'trap']",88,3273851,3hcs9uc56yIGFCSy9leWe7
Sia,"['australian dance', 'australian pop', 'pop']",88,21611189,5WUlDfRSoLAfcVSX1WnrxN
Dark Polo Gang,"['italian hip hop', 'italian indie pop', 'trap italiana']",61,1262713,4CuMwzDzEdlUJMEna38VQ0
The Killers,"['alternative rock', 'dance rock', 'modern rock', 'permanent wave', 'rock']",79,6291290,0C0XlULifJtAgn6ZNCW2eu
Yandel,"['latin', 'latin hip hop', 'reggaeton', 'reggaeton flow', 'trap latino']",79,5443780,0eHQ9o50hj6ZDNBt6Ys1sD
Sleepy Hallow,"['brooklyn drill', 'nyc rap']",81,625340,6EPlBSH2RSiettczlz7ihV
Natalie Taylor,[],64,126764,2WxjxdeF7GGdcCK276qViY
S1mba,"['afroswing', 'uk hip hop']",62,51694,71jSVPQ6yskfyvWeiwvT5s
KC Rebell,"['german drill', 'german hip hop']",71,1119302,5p7mWeX4RlvqBCxylfiXdE
Lennon Stella,"['alt z', 'canadian pop', 'dance pop', 'electropop', 'pop', 'post-teen pop', 'social media pop']",71,312365,1cZQSpDsxgKIX2yW5OR9Ot
Nio Garcia,"['latin', 'reggaeton', 'trap latino']",81,2520440,5hdhHgpxyniooUiQVaPxQ0
Pashanim,"['german alternative rap', 'german drill', 'german hip hop']",71,248805,34LetYSjEuG2fBb4Z8PwPg
jxdn,"['pop rap', 'social media pop']",72,877820,6Y64EaNqpqcZYTgs4c76gF
Jason Mraz,"['acoustic pop', 'neo mellow', 'pop', 'pop rock']",76,6373633,4phGZZrJZRo4ElhRtViYdl
Vance Joy,"['folk-pop', 'modern rock', 'pop', 'pop rock']",78,2498065,10exVja0key0uqUkk6LJRT
Agust D,['k-rap'],70,6585243,5RmQ8k4l3HZ8JoPb4mNsML
Morat,"['colombian pop', 'latin', 'latin pop']",81,4893657,5C4PDR4LnhZTbVnKWXuDKD
Alexander 23,"['alt z', 'pop']",69,240535,6sFHvCyqklnJpXC9Nh1aag
Niack,['funk carioca'],58,363857,5uYe4bcAXlMP7d4mrOYkML
TWICE,"['k-pop', 'k-pop girl group']",86,11496600,7n2Ycct7Beij7Dj7meI4X0
Kendrick Lamar,"['conscious hip hop', 'hip hop', 'rap', 'west coast rap']",89,18803969,2YZyLoL8N0Wb9xBt1NhZWg
James Brown,"['funk', 'motown', 'soul']",66,1832554,7GaxyUddsPok8BuhxN6OUW
The Game,"['gangster rap', 'hip hop', 'pop rap', 'rap', 'southern hip hop', 'trap']",74,3659344,0NbfKEOTQCcwd6o7wSDOHI
Killer Mike,"['alternative hip hop', 'atl hip hop', 'conscious hip hop', 'dirty south rap', 'escape room', 'old school atlanta hip hop', 'political hip hop', 'southern hip hop']",56,243017,2N4EYkIlG1kv25g6Wv8LGI
2Pac,"['g funk', 'gangster rap', 'hip hop', 'rap', 'west coast rap']",81,11621263,1ZwdS5xdxEREPySFridCfh
Ludacris,"['atl hip hop', 'dirty south rap', 'hip hop', 'old school atlanta hip hop', 'pop rap', 'rap', 'southern hip hop', 'trap']",78,2275099,3ipn9JLAPI5GUEo4y4jcoi
VIC MENSA,"['chicago rap', 'conscious hip hop', 'hip hop', 'pop rap', 'rap', 'trap', 'underground hip hop']",65,570147,27w1NoOLMX7tJMYqcetPyG
Harry Nach,"['trap chileno', 'trap latino']",68,153019,0NnUMWDCDi1snuMja6IdxH
Run The Jewels,"['alternative hip hop', 'escape room', 'hip hop', 'political hip hop']",65,941780,4RnBFZRiMLRyZy0AzzTg2C
Tedua,"['indie liguria', 'italian hip hop', 'rap genovese', 'trap italiana']",71,1258932,1AgAVqo74e2q4FVvg0xpT7
Jarabe De Palo,"['latin', 'latin alternative', 'latin pop', 'latin rock', 'rock en espanol', 'spanish pop', 'spanish rock']",69,1195936,5B6H1Dq77AV1LZWrbNsuH5
Tyla Yaweh,"['cali rap', 'melodic rap', 'pop rap', 'rap', 'trap']",68,395367,1MXZ0hsGic96dWRDKwAwdr
The Kid LAROI,['australian hip hop'],90,2962260,2tIP7SsRs7vjIcLrU85W8J
NLE Choppa,['memphis hip hop'],80,3790252,0ErzCpIMyLcjPiwT4elrtZ
Shablo,['italian hip hop'],66,42484,6hkKbkZGvAXuvle2FhCnxy
Nea,['scandipop'],67,39990,7nqlScm2smydSRl13eaP8E
Conkarah,['jawaiian'],57,68255,7vPGzgDg3qGUY5bWtrO3K4
Jawsh 685,['nz pop'],70,103165,56mfhUDKa1vec6rSLZV5Eg
Passenger,"['folk-pop', 'neo mellow', 'pop', 'pop rock']",74,2878572,0gadJ2b9A4SKsB1RFkBb66
Peach Tree Rascals,"['alternative r&b', 'chill r&b', 'indie r&b', 'pop']",64,185814,0imE3buPhAowREqCrr4CYe
Wallows,"['indie pop', 'modern rock', 'pop']",74,2107889,0NIPkIjTV8mB795yEIiPYL
Zoe Wees,['german pop'],73,265319,03d2mJXSMtuPI0nIvLnhoS
Bilal Wahib,"['dutch pop', 'dutch rap pop']",67,42762,5wV3FoaNbDB6X9INuQvs1K
Curtis Waters,[],59,71152,2JbE7jUIGtpXSzytnyMg6U
Irama,"['italian adult pop', 'italian pop']",66,1608211,5iot8OPcosJN9nCl7I5SdK
Jay Wheeler,"['latin', 'reggaeton', 'trap latino']",81,2131317,2cPqdH7XMvwaBJEVjheH8g
BLACKPINK,"['k-pop', 'k-pop girl group']",84,26619108,41MozSoPIsD1dJM0CLPjZF
Miksu / Macloud,['german hip hop'],67,36374,76dRoxKtDwYkgCQePok9cU
Bring Me The Horizon,"['melodic metalcore', 'metalcore', 'rock', 'uk metalcore']",79,4131578,1Ffb6ejR6Fe5IamqA5oRUF
Mc Zaac,"['funk carioca', 'funk pop']",63,1579165,76Xa625geVw0Q7BdyxNjA2
6LACK,"['alternative r&b', 'atl hip hop', 'hip hop', 'melodic rap', 'r&b', 'rap', 'trap']",80,3238291,4IVAbR2w4JJNJDDRFP3E83
Aya Nakamura,"['basshall', 'francoton']",73,3177814,7IlRNXHjoOCgEAWN5qYksg
Charlie Puth,"['dance pop', 'pop', 'viral pop']",81,14590105,6VuMaDnrHyPL1p4EHjYLi7
VIZE,"['dance pop', 'edm', 'german dance', 'pop dance', 'slap house', 'tropical house']",76,153788,09agIJMxCD2k87ys9Al0f0
Boomdabash,"['italian adult pop', 'italian pop', 'italian reggae']",63,572885,4mAsWDGLUIEdo6imU77WG6
Oasis,"['beatlesque', 'britpop', 'madchester', 'permanent wave', 'rock']",79,6821621,2DaxqgrOhkeH0fpeiQq2f4
iann dior,"['melodic rap', 'pop rap']",83,1408492,6ASri4ePR7RlsvIQgWPJpS
Kanye West,"['chicago rap', 'rap']",94,15770531,5K4W6rqBFWDnAN6FQUkS6x
WILLOW,"['afrofuturism', 'dance pop', 'electropop', 'pop', 'post-teen pop']",82,1856720,3rWZHrfrsPBxVy692yAIxF
Juanfran,"['dominican pop', 'pop reggaeton', 'urbano espanol']",58,120560,7zY0DMisq1oYXvNNgGwHBY
Ty Dolla $ign,"['hip hop', 'pop', 'pop rap', 'r&b', 'southern hip hop', 'trap', 'trap soul']",87,4011254,7c0XG5cIJTrrAgEC3ULPiq
Bozza,"['german hip hop', 'german underground rap']",61,49772,4WoSAKuoaPxrbwp3Y1PvKb
Boef,['dutch hip hop'],68,991452,0Jsk5iYMr5aNjHury7blm1
Lynyrd Skynyrd,"['album rock', 'blues rock', 'classic rock', 'country rock', 'hard rock', 'mellow gold', 'rock', 'southern rock']",73,3742096,4MVyzYMgTwdP7Z49wAZHx0
Miley Cyrus,"['dance pop', 'pop', 'post-teen pop']",85,16727815,5YGY8feqx7naU7z4HrwZM6
"Earth, Wind & Fire","['disco', 'funk', 'jazz funk', 'motown', 'quiet storm', 'soul']",76,3218160,4QQgXkCYTt3BlENzhyNETg
Eagles,"['album rock', 'classic rock', 'country rock', 'folk rock', 'heartland rock', 'mellow gold', 'rock', 'soft rock', 'yacht rock']",78,7386104,0ECwFtbIWEVNwjlrfc6xoL
Red Velvet - IRENE & SEULGI,['k-pop'],58,489704,6bwp9ObI8FWvMPCIWVBmhl
Dixie,['social media pop'],63,1020412,3DKkhRCGOG4e8IUPYFPfWs
Kane Brown,"['black americana', 'contemporary country', 'country road']",78,3742187,3oSJ7TBVCWMDMiYjXNiCKE
Summer Walker,"['pop', 'r&b']",85,2900024,57LYzLEk2LcFghVwuWbcuS
Zara Larsson,"['dance pop', 'edm', 'electropop', 'pop', 'pop dance', 'post-teen pop', 'scandipop', 'swedish electropop', 'swedish pop', 'tropical house']",78,9483766,1Xylc3o4UrD53lo9CvFvVg
YG,"['cali rap', 'gangster rap', 'hip hop', 'pop rap', 'rap', 'southern hip hop', 'trap']",78,2719254,0A0FS04o6zMoto8OKPsDwY
Tate McRae,"['alt z', 'dance pop', 'pop', 'post-teen pop']",82,2058966,45dkTj5sMRSjrmBSBeiHym
Joel Corry,"['dance pop', 'pop', 'pop dance', 'tropical house', 'uk dance']",81,232922,6DgP9otnZw5z6daOntINxp
DJ Khaled,"['hip hop', 'miami hip hop', 'pop', 'pop rap', 'rap', 'southern hip hop', 'trap']",80,6739417,0QHgL1lAIqAw0HtD7YldmP
Danna Paola,"['latin', 'latin pop', 'latin viral pop', 'mexican pop', 'pop']",78,3345958,5xSx2FM8mQnrfgM1QsHniB
El Alfa,"['dembow', 'latin', 'rap dominicano', 'reggaeton', 'trap latino']",80,1935166,2oQX8QiMXOyuqbcZEFsZfm
Headie One,['uk hip hop'],71,356938,6UCQYrcJ6wab6gnQ89OJFh
One Direction,"['boy band', 'pop', 'post-teen pop', 'talent show']",87,23963551,4AK6F7OLvEQ5QYCBNiQWHq
JEON SOMI,['k-pop'],73,1010453,7zYj9S9SdIunYCfSm7vzAR
Logic,"['conscious hip hop', 'dmv rap', 'hip hop', 'pop rap', 'rap']",81,5561580,4xRYI6VqpkE3UwrDrAZL8L
Trueno,"['argentine hip hop', 'bases de freestyle', 'trap argentino', 'trap latino']",81,2555547,2x7PC78TmgqpEIjaGAZ0Oz
Jason Derulo,"['dance pop', 'pop', 'pop rap', 'post-teen pop']",84,10396629,07YZf4WDAMNwqr4jfgOZ8y
Ski Mask The Slump God,"['miami hip hop', 'rap', 'underground hip hop']",80,4619356,2rhFzFmezpnW82MNqEKVry
KitschKrieg,"['german hip hop', 'german pop', 'hamburg hip hop']",64,173425,5tHiL8SKSaZGMBUPIiSmX4
AC/DC,"['australian rock', 'hard rock', 'rock']",83,21472061,711MCceyCBcFnzjGY4Q7Un
A$AP Ferg,"['hip hop', 'pop rap', 'rap', 'southern hip hop', 'trap', 'underground hip hop']",76,3165072,5dHt1vcEm9qb8fCyLcB3HL
BØRNS,"['modern alternative rock', 'modern rock', 'pop']",71,1053379,1KP6TWI40m7p3QBTU6u2xo
Rocco Hunt,"['italian hip hop', 'italian pop', 'pop virale italiano', 'rap napoletano']",72,1228259,0L1f9i3L3fkMNENljDOsjG
Jowell & Randy,"['latin', 'latin hip hop', 'perreo', 'reggaeton', 'reggaeton flow', 'trap latino']",73,3129682,4IMAo2UQchVFyPH24PAjUs
Jonas Esticado,"['forro', 'sertanejo', 'sertanejo pop', 'sertanejo universitario']",65,1428763,22jNvLBrXGKr4CcV2tw8Ag
Saweetie,"['cali rap', 'dance pop', 'pop', 'pop rap', 'r&b', 'trap queen']",81,1409236,6cK3NBO6uP7hh0oyuVELFl
David Guetta,"['big room', 'dance pop', 'edm', 'pop', 'pop dance', 'pop rap']",89,23515178,1Cs0zKBU1kc0i8ypK3B9ai
Aminé,"['hip hop', 'pop', 'portland hip hop', 'rap', 'underground hip hop']",77,1696341,3Gm5F95VdRxW3mqCn8RPBJ
Glass Animals,"['gauze pop', 'indietronica', 'shiver pop']",85,2214409,4yvcSjfu4PC0CYQyLy4wSq
twocolors,"['dance pop', 'edm', 'pop dance', 'pop edm', 'tropical house']",67,40901,7ACEUD7UsmmXrnj4OLt8f9
Labrinth,"['indie poptimism', 'pop']",80,1758537,2feDdbD5araYcm6JhFHHw7
Hwa Sa,"['k-pop', 'korean mask singer']",68,2386963,7bmYpVgQub656uNTu6qGNQ
Super Yei,"['latin', 'reggaeton', 'reggaeton flow', 'trap latino']",66,310978,6HqgxkTt9KGyt27zYrwVan
Morgan Wallen,['contemporary country'],84,2574495,4oUHIQIBe0LHzYfvXNW4QM
Alicia Keys,"['hip pop', 'neo soul', 'pop', 'r&b', 'urban contemporary']",80,9213125,3DiDSECUqqY1AuBP8qtaIa
Internet Money,"['rap', 'trap']",78,521177,6MPCFvOQv5cIGfw3jODMF0
Linkin Park,"['alternative metal', 'nu metal', 'post-grunge', 'rap metal']",85,20540955,6XyY86QOPPrYVGvF9ch6wz
BANNERS,"['indie poptimism', 'modern rock', 'pop', 'pop rock']",71,450929,4qWnlmXWuGv2TtuxtIWlJX
The Neighbourhood,"['modern alternative rock', 'modern rock', 'pop']",85,7417709,77SW9BnxLY8rJ0RciFqkHh
Jerry Di,"['cubaton', 'dominican pop', 'latin', 'pop venezolano', 'reggaeton', 'reggaeton flow', 'trap latino']",66,183635,7f02bxFbZIOVdSbYRNYvLT
Kofs,"['francoton', 'french hip hop', 'pop urbaine', 'rap francais', 'rap marseille']",70,275036,5RaQ9nmVGoTye2SI76x3yw
Manuel Turizo,"['colombian pop', 'latin', 'latin pop', 'reggaeton', 'reggaeton colombiano', 'trap latino']",83,8552006,0tmwSHipWxN12fsoLcFU3B
Bausa,['german hip hop'],69,976194,13bDjug9N0pyv3ZUINjkDV
Kim Loaiza,['reggaeton mexicano'],65,2491500,1QivQCLVipV61DiQiyV14A
Pharrell Williams,['pop rap'],81,3729023,2RdwBSPQiwcmiDo9kixcl8
Lukas Graham,"['danish pop', 'pop', 'scandipop']",75,1888182,25u4wHJWxCA9vO0CzxAbK7
Clean Bandit,"['dance pop', 'edm', 'pop', 'pop dance', 'tropical house', 'uk dance', 'uk funky']",79,4575714,6MDME20pz9RveH9rEXvrOM
KHEA,"['argentine hip hop', 'trap argentino', 'trap latino', 'trap triste']",78,3548521,4m6ubhNsdwF4psNf3R8kwR
Manu Gavassi,"['funk carioca', 'nova mpb', 'pop', 'pop lgbtq+ brasileira', 'pop nacional', 'post-teen pop']",63,677337,6xF3XdxG7VHRmQmTJxRqX8
Bea Miller,"['alt z', 'dance pop', 'electropop', 'indie poptimism', 'modern rock', 'pop', 'post-teen pop', 'talent show']",75,2522214,1o2NpYGqHiCq7FoiYdyd1x
Cordae,"['dmv rap', 'hip hop', 'pop rap', 'rap', 'trap', 'underground hip hop', 'vapor trap']",72,1587320,0huGjMyP507tBCARyzSkrv
Big Sean,"['detroit hip hop', 'hip hop', 'pop', 'pop rap', 'rap', 'southern hip hop', 'trap']",83,9032442,0c173mlxpT3dSFRgMO8XPh
Jaden,"['hip hop', 'pop', 'rap']",75,1683468,0xOeVMOz2fVg5BJY3N6akT
Disclosure,"['house', 'pop', 'uk dance']",76,1975490,6nS5roXSAGhTGr34W6n7Et
Ir Sais,"['basshall', 'dominican pop', 'dutch hip hop', 'dutch rap pop', 'ritmo kombina']",64,67421,4NEThNYJ3WyNcJWcmpjq88
WhoHeem,['viral rap'],54,26568,5KYEMMz9O9iLIESifKAEOp
Lil Peep,"['emo rap', 'lgbtq+ hip hop']",86,8237211,2kCcBybjl3SAtIcwdWpUe3
Hozier,"['irish singer-songwriter', 'pop']",81,4953589,2FXC3k01G6Gw61bmprjgqS
RBD,"['latin', 'latin pop', 'pop']",70,1243356,7cjh6y0V9SsyCrWSXTzwOs
salem ilese,"['alt z', 'modern indie pop', 'social media pop']",67,150215,3QJUFtGBGL05vo0kCJZsmT
Master KG,['south african house'],65,271893,523y9KSneKh6APd1hKxLuF
Farruko,"['latin', 'reggaeton', 'trap latino']",90,11497758,329e4yvIujISKGKz1BZZbO
Os Barões Da Pisadinha,"['forro', 'piseiro']",80,5197716,5Lv2GUVwqmQBPwrTrxucE5
Mc Jacaré,"['funk 150 bpm', 'funk carioca', 'trap funk']",59,75720,6qrqAYlS6lUj2BVXax7SZW
Money Man,"['memphis hip hop', 'rap', 'southern hip hop', 'trap']",73,383377,3Rx4PJ7SP6unkOk5elPUK7
Vedo,"['chill r&b', 'pop', 'pop r&b', 'pop rap', 'r&b']",69,288716,3wVXTWabe3viT0jF7DfjOL
Matuê,"['r&b brasileiro', 'rap cearense', 'trap brasileiro']",77,3886675,5nP8x4uEFjAAmDzwOEc9b8
Mr Eazi,"['afro dancehall', 'afropop', 'ghanaian hip hop', 'nigerian pop', 'swedish dancehall']",69,544809,4TAoP0f9OuWZUesao43xUW
Freeze corleone,['drill francais'],68,431084,76Pl0epAMXVXJspaSuz8im
Ofenbach,"['dance pop', 'edm', 'electro house', 'new french touch', 'pop', 'pop dance', 'tropical house']",75,453562,4AKwRarlmsUlLjIwt38NLw
Alonestar,[],48,3281,1kwi1Q7X4jPTkHTgayxKhS
Ritt Momney,"['bedroom pop', 'indie pop']",66,106518,7MPGCB854Qo4alYMOPkBka
Stray Kids,"['k-pop', 'k-pop boy group']",82,6272720,2dIgFjalVxs4ThymZ67YCE
Lele Pons,"['latin pop', 'viral pop']",67,881827,6i3DxIlAqnDkwELLw4aVrx
Ashnikko,"['alt z', 'electropop', 'escape room', 'pop']",76,1482355,3PyJHH2wyfQK3WZrk9rpmP
Damso,"['belgian hip hop', 'french hip hop', 'pop urbaine', 'rap belge', 'rap conscient']",76,3285949,2UwqpfQtNuhBwviIC0f2ie
Keith Urban,"['australian country', 'australian pop', 'contemporary country', 'country', 'country road']",74,4442001,0u2FHSq3ln94y5Q57xazwf
Gentleman,"['cologne hip hop', 'german hip hop', 'german reggae', 'reggae fusion']",63,436139,5tlNJfV9UIpgnbWmvUEFu7
Ultimo,"['italian adult pop', 'italian pop']",72,2541792,3hN3iJMbbBmqBSAMx5veDa
ZAYN,"['dance pop', 'pop', 'post-teen pop', 'uk pop']",80,18078149,5ZsFI1h6hIdQRw2ti0hz81
Jennifer Lopez,"['dance pop', 'pop', 'pop rap', 'urban contemporary']",78,11023613,2DlGxzQSjYe5N6G9nkYghR
Fleetwood Mac,"['album rock', 'classic rock', 'mellow gold', 'rock', 'soft rock', 'yacht rock']",82,7477172,08GQAI4eElDnROBrJRGE0X
MC Rogerinho,"['batidao romantico', 'funk carioca', 'sertanejo pop']",69,327055,5JbQpbeFaKfuZVFzKwaawP
Dilsinho,"['pagode', 'pagode novo']",78,3257362,4NUePmzDvCYqilXBFa91Hg
Clairo,"['bedroom pop', 'indie pop', 'pop']",80,2946087,3l0CmX0FuQjFxr8SK7Vqag
Bryson Tiller,"['kentucky hip hop', 'pop', 'pop rap', 'r&b', 'rap', 'trap']",82,5288744,2EMAnMvWE2eb56ToJVfCWs
BLOODY VINYL,"['italian hip hop', 'trap italiana']",59,127400,0VitAFMCI2apQxKzDjg1PU
Wisin,"['latin', 'latin hip hop', 'reggaeton', 'trap latino']",82,7279354,3E6xrwgnVfYCrCs0ePERDz
Van Halen,"['album rock', 'classic rock', 'hard rock', 'metal', 'rock']",74,4366078,2cnMpRsOVqtPMfq7YiFE6K
Bebe Rexha,"['dance pop', 'electropop', 'pop', 'post-teen pop']",81,6859845,64M6ah0SkkRsnPGtGiRAbb
13 Organisé,"['francoton', 'french hip hop', 'pop urbaine']",61,149565,19u3RGWKsjmbg9eI6zAiNp
Ezhel,"['turkish hip hop', 'turkish trap']",76,4192162,6LnJKrtFnTEGdbWQ2riWCL
Usher,"['atl hip hop', 'contemporary r&b', 'dance pop', 'pop', 'r&b', 'south carolina hip hop', 'urban contemporary']",82,9225283,23zg3TcAtWQy7J6upgbUnj
Fousheé,['indie r&b'],67,130954,6trIghKwHRUyxwvm66HLHH
Lana Del Rey,"['art pop', 'pop']",86,14664450,00FQb4jTyendYWaN8pK0wa
Nelly Furtado,"['canadian latin', 'canadian pop', 'dance pop', 'pop', 'pop rap']",77,2867655,2jw70GZXlAI8QzWeY2bgRc
CORPSE,"['dream smp', 'social media pop', 'viral rap']",74,1974029,7yntSJ6uojO3z6GFUVwhAW
Sebastian Yatra,"['colombian pop', 'latin', 'reggaeton colombiano']",84,17285093,07YUOmWljBTXwIseAUd9TW
Cali Y El Dandee,"['champeta', 'colombian pop', 'electro latino', 'latin', 'latin pop', 'reggaeton', 'reggaeton colombiano', 'trap latino']",75,3321024,5DUlefCLzVRzNWaNURTFpK
HVME,['slap house'],73,46089,2o08sCWF5yyo2G4DCiT7T9
Tiësto,"['big room', 'brostep', 'dance pop', 'dutch edm', 'edm', 'house', 'pop', 'pop dance', 'slap house', 'trance', 'tropical house']",85,6044911,2o5jDhtHVPhrJdv3cEQ99Z
Octavian,"['afroswing', 'london rap', 'uk alternative hip hop', 'uk hip hop']",62,219919,5zfEatKLDdRkgbw6sdLBAQ
CJ,['nyc rap'],71,196314,7arQA31aZVS8yS6zUveWzb
DDG,"['pop rap', 'rap', 'trap']",69,582025,0WK3H9OErSn5zKOkOV5egm
Pink Sweat$,"['bedroom soul', 'chill r&b', 'pop']",76,1106716,1W7FNibLa0O0b572tB2w7t
Sfera Ebbasta,"['italian hip hop', 'italian pop', 'trap italiana']",79,4568839,23TFHmajVfBtlRx5MXqgoz
Busta Rhymes,"['east coast hip hop', 'hardcore hip hop', 'hip hop', 'hip pop', 'pop rap', 'rap']",75,1913655,1YfEcTuGvBQ8xSD1f53UnK
Michael Jackson,"['pop', 'r&b', 'soul']",84,20820702,3fMbdgg4jU18AjLCKBhRSm
Becky G,"['dance pop', 'latin', 'latin pop', 'latin viral pop', 'pop', 'rap latina', 'reggaeton', 'trap latino']",82,10739799,4obzFoKoKRHIphyHzJ35G3
Ray Parker Jr.,['disco'],61,54150,0NyzfcGDZZ6GM25EBG9BYK
"Bobby ""Boris"" Pickett","['halloween', 'novelty']",56,15639,42MRYPhQfcEXqb18dl5ERX
The Citizens of Halloween,['halloween'],58,11997,164hs3x1Tsp3FgJWNHee1r
Rockwell,[],68,31117,3xs0LEzcPXtgNfMNcHzLIP
Rihanna,"['barbadian pop', 'dance pop', 'pop', 'pop rap', 'urban contemporary']",90,46016045,5pKCCKE2ajJHZ9KAiaK11H
Blue Öyster Cult,"['album rock', 'art rock', 'classic rock', 'hard rock', 'metal', 'rock', 'soft rock']",65,1162424,00tVTdpEhQQw1bqdu8RCx2
Stevie Wonder,"['adult standards', 'funk', 'indie r&b', 'motown', 'quiet storm', 'soul']",79,5370646,7guDJrEfX3qb6FEbdPA5qi
The Cranberries,"['irish rock', 'pop rock', 'rock']",75,2669099,7t0rwkOPGlDPEhaOcVtOt9
Eurythmics,"['art rock', 'dance rock', 'disco', 'europop', 'mellow gold', 'new romantic', 'new wave', 'new wave pop', 'rock', 'soft rock', 'sophisti-pop', 'synthpop']",70,1414807,0NKDgy9j66h3DLnN8qu1bB
Mariah Carey,"['dance pop', 'pop', 'urban contemporary']",85,7236130,4iHNK0tOyZPYnBU7nGAgpQ
Douglas & Vinicius,['sertanejo pop'],64,73216,7M83IzPXGA4ClZJ5reW2Ro
grandson,"['modern alternative rock', 'modern rock', 'rock']",73,951061,4ZgQDCtRqZlhLswVS6MHN4
C. Tangana,['urbano espanol'],79,1646758,5TYxZTjIPqKM8K8NuP9woO
System Of A Down,"['alternative metal', 'nu metal', 'rap metal', 'rock']",79,7730534,5eAWCfyUhZtHHtBdNk56l1
Mike WiLL Made-It,"['atl hip hop', 'hip hop', 'pop rap', 'rap', 'southern hip hop', 'trap', 'underground hip hop']",69,1324263,0NWbwDZY1VkRqFafuQm6wk
Booba,"['francoton', 'french hip hop', 'old school rap francais', 'pop urbaine', 'rap conscient']",74,2295355,58wXmynHaAWI5hwlPZP3qL
King Von,['chicago rap'],77,1429169,6QtgPSJPSzcnn7dPZ4VINp
Wham!,"['disco', 'europop', 'mellow gold', 'new romantic', 'new wave', 'new wave pop', 'soft rock', 'synthpop']",78,1749738,5lpH0xAS4fVfLkACg9DAuM
Coldplay,"['permanent wave', 'pop']",91,32933021,4gzpq5DPGxSnKTe4SA8HAU
Michael Bublé,"['adult standards', 'canadian pop', 'jazz pop', 'lounge']",87,4868149,1GxkXlMwML1oSg5eLPiAz3
Brenda Lee,"['adult standards', 'brill building pop', 'vocal jazz']",75,239509,4cPHsZM98sKzmV26wlwD2W
Bobby Helms,[],74,22368,38EmEgXkgK51MT2tPY0EoC
Andy Williams,"['adult standards', 'brill building pop', 'easy listening']",76,394105,4sj6D0zlMOl25nprDJBiU9
Kelly Clarkson,"['dance pop', 'neo mellow', 'pop', 'pop rock', 'post-teen pop', 'talent show']",81,8234196,3BmGtnKgCSGYIUhmivXKWX
Arctic Monkeys,"['garage rock', 'permanent wave', 'rock', 'sheffield indie']",86,13166342,7Ln80lUS6He07XvHI8qqHH
Sean Kingston,"['dance pop', 'miami hip hop', 'pop', 'post-teen pop', 'urban contemporary']",73,2385663,6S0dmVVn4udvppDhZIWxCr
Dean Martin,"['adult standards', 'easy listening', 'lounge', 'vocal jazz']",78,1200665,49e4v89VmlDcFCMyDv9wQ9
The Ronettes,"['adult standards', 'brill building pop', 'classic girl group', 'motown', 'soul']",73,188764,7CyeXFnOrfC1N6z4naIpgo
José Feliciano,"['latin pop', 'puerto rican pop']",73,258550,7K78lVZ8XzkjfRSI7570FF
Frank Sinatra,"['adult standards', 'easy listening', 'lounge']",84,5210973,1Mxqyy3pSjf8kZZL4QVxS0
Band Aid,['musical advocacy'],69,20796,35S20clEkkSNUo23ViaslZ
Chris Rea,"['blues rock', 'classic rock', 'mellow gold', 'soft rock', 'sophisti-pop']",71,701242,5KEG7G8LDYlHgFDqZyEEs2
Paul McCartney,"['album rock', 'art rock', 'beatlesque', 'classic rock', 'mellow gold', 'rock', 'soft rock']",76,3763774,4STHEaNw4mPZ2tzheohgXB
John Lennon,"['album rock', 'art rock', 'beatlesque', 'classic rock', 'folk rock', 'mellow gold', 'rock']",76,4541234,4x1nvY2FN8jxqAFA0DA02H
Migrantes,['cumbia pop'],66,142506,48R2gYdPKtfnfKAzhSVPUx
Ricky Montgomery,"['indie pop', 'la indie', 'pop']",74,911861,0ZUvK7zGdXLd78mQr3t1Tw
347aidan,['sad rap'],73,279981,0bBz5bRBkExaej2HxtVfCw
Porky Slim,[],9,5872,4ohRzp7ZzPQi3PzCiBrDAm
Boza,"['latin', 'reggaeton', 'trap latino']",74,355084,2NfSBtmWe7oPw1EmetJVso
Nat King Cole,"['adult standards', 'vocal jazz']",79,1711577,7v4imS0moSyGdXyLgVTIV7
Trio Vegabajeño,"['musica jibara', 'puerto rican folk']",46,9783,5TphiK6LsT4X5NOZxq3NJB
Burl Ives,"['adult standards', 'american folk revival']",71,62347,0MHgLfmQdutffmvWe5XBTN
Shakin' Stevens,"['new wave pop', 'rock-and-roll', 'rockabilly', 'soft rock']",70,104785,0wi4yTYlGtEnbGo4ltZTib
Bing Crosby,"['adult standards', 'easy listening']",80,376197,6ZjFtWeHP9XN7FeKSUe80S
The Pogues,"['celtic punk', 'celtic rock', 'folk punk', 'punk']",67,397244,2wzMOQwNT6ZvVB4amvhFAH
Brett Eldredge,"['contemporary country', 'country', 'country road', 'modern country rock']",72,1329684,0qSX3s5pJnAlSsgsCne8Cz
Perry Como,"['adult standards', 'brill building pop', 'easy listening', 'vocal jazz']",74,363338,5v8jlSmAQfrkTjAlpUfWtu
The Jackson 5,"['motown', 'soul']",74,1192880,2iE18Oxc8YSumAU232n4rW
Daryl Hall & John Oates,"['album rock', 'classic rock', 'mellow gold', 'rock', 'soft rock', 'yacht rock']",75,1649599,77tT1kLj6mCWtFNqiOmP9H
Britney Spears,"['dance pop', 'pop', 'post-teen pop']",83,10072548,26dSoYclwsYLMAKD3tpOr4
Elvis Presley,"['rock-and-roll', 'rockabilly']",81,6053678,43ZHCT0cAZBISjO8DG9PnE
Studio Killers,[],62,189642,7avo0PmlW8O1YLEt9DnWQT
Elton John,"['glam rock', 'mellow gold', 'piano rock']",88,8252437,3PhoLpVuITZKcymswpck5b
Darlene Love,"['adult standards', 'brill building pop']",69,41111,391oLRVmoTkumiN79HkTWu
YUNGBLUD,"['british indie rock', 'modern rock', 'pop', 'rock']",75,1918006,6Ad91Jof8Niiw0lGLLi3NW
Kylie Minogue,"['australian dance', 'australian pop', 'dance pop', 'electropop', 'eurodance', 'europop', 'new wave pop', 'pop']",75,1403090,4RVnAU35WRWra6OZ3CbbMA
Chuck Berry,"['blues rock', 'classic rock', 'rock', 'rock-and-roll', 'rockabilly', 'soul']",71,1500794,293zczrfYafIItmnmM3coR
Gwen Stefani,"['dance pop', 'hip pop', 'pop', 'post-teen pop', 'urban contemporary']",77,5033617,4yiQZ8tQPux8cPriYMWUFP
Liam Payne,"['dance pop', 'pop', 'post-teen pop']",73,8696772,5pUo3fmmHT8bhCyHE52hA6
Marvin Divine,['russelater'],52,9858,2ipbBHbU59PKSeDXAgMpkd
Bizarrap,"['argentine hip hop', 'pop venezolano', 'trap argentino', 'trap latino']",84,4000291,716NhGYqD1jl2wI1Qkgq36
Leona Lewis,"['british soul', 'dance pop', 'europop', 'neo mellow', 'pop', 'post-teen pop', 'talent show', 'urban contemporary']",73,3039975,5lKZWd6HiSCLfnDGrq9RAm
Mykola Dmytrovych Leontovych,"['post-romantic era', 'ukrainian classical']",65,2637,6lBN3Tzt61u8i9AJoAhKzF
Eartha Kitt,"['adult standards', 'lounge', 'torch song', 'vocal jazz']",66,133149,1AwO9pWEBSBoWdEZu28XDC
Pentatonix,['a cappella'],81,3152059,26AHtbjWKiwYzsoGoUZq53
Petter Ferraz,[],51,15537,6gGJH7joTDx9M3xREiAq9U
Wilbur Soot,"['dream smp', 'indie pop']",72,1464323,2XzXLjXRSeFtsic4ieyLJy
Andrew Andraos,[],25,13088,0ffoIkovMbaG01Y6U2jyAS
The Beach Boys,"['baroque pop', 'brill building pop', 'classic rock', 'psychedelic rock', 'rock', 'sunshine pop']",75,3402422,3oDbviiivRWhXwIE8hxkVV
Bruce Springsteen,"['classic rock', 'heartland rock', 'mellow gold', 'permanent wave', 'rock', 'singer-songwriter']",79,4480304,3eqjTLE0HfPfh78zjh6TqT
Donny Hathaway,"['chicago soul', 'classic soul', 'funk', 'motown', 'neo soul', 'quiet storm', 'soul', 'southern soul']",66,447660,0HU0U9kdXEHZVxUNbuQe8S
Tony Bennett,"['adult standards', 'easy listening', 'vocal jazz']",73,694788,2lolQgalUvZDfp5vvVtTYV
*NSYNC,"['boy band', 'dance pop', 'post-teen pop']",72,1647629,6Ff53KvcvAj5U7Z1vojB5o
Melanie Thornton,[],60,7748,2apYMRrg5FxN4go0pfsCvf
Bryan Adams,"['album rock', 'canadian pop', 'canadian singer-songwriter', 'classic canadian rock', 'heartland rock', 'mellow gold', 'soft rock']",77,2369952,3Z02hBLubJxuFJfhacLSDc
Slade,"['album rock', 'art rock', 'blues rock', 'glam rock', 'hard rock', 'pub rock']",62,281697,10n5lhNDoSMUHWLlnST1yw
Alessia Cara,"['canadian contemporary r&b', 'canadian pop', 'dance pop', 'electropop', 'pop', 'post-teen pop']",79,9665697,2wUjUUtkb5lvLKcGKsKqsR
Ella Fitzgerald,"['adult standards', 'jazz blues', 'swing', 'vocal jazz']",75,2077999,5V0MlUE1Bft0mbLlND7FJz
Judy Garland,"['adult standards', 'hollywood', 'lounge', 'torch song', 'vocal jazz']",63,191317,0hItVPjwJLVZrFqOyIsxPf
Boney M.,['europop'],76,1196130,54R6Y0I7jGUCveDTtI21nb
Cliff Richard,"['adult standards', 'brill building pop', 'bubblegum pop', 'classic uk pop', 'europop', 'mellow gold', 'new wave pop', 'rock-and-roll', 'rockabilly', 'soft rock']",65,278350,2nvKpWcP8etYTq4JrRiUiy
Pretenders,"['album rock', 'art rock', 'classic rock', 'folk rock', 'heartland rock', 'lilith', 'mellow gold', 'new romantic', 'new wave', 'new wave pop', 'permanent wave', 'pop rock', 'rock', 'soft rock']",67,1101302,0GByy3DcfbQwDvXGCWmzv9
Gene Autry,"['adult standards', 'cowboy western', 'oklahoma country', 'traditional country', 'yodeling']",67,45240,5ixB75BQR3ADoWQkcHQJTs
Wizzard,"['classic uk pop', 'glam rock']",61,32154,7823Dim2TzjiQQ9wRQxyi9
Vince Guaraldi Trio,"['adult standards', 'jazz trio']",73,102627,4ytkhMSAnrDP8XzRNlw9FS
Otis Redding,"['classic soul', 'memphis soul', 'soul', 'soul blues', 'southern soul']",72,1851002,60df5JBRRPcnSpsIMxxwQm
Céline Dion,"['canadian pop', 'dance pop']",77,5479617,4S9EykWXhStSc15wEx8QFK
Carpenters,"['adult standards', 'mellow gold', 'soft rock']",73,2115567,1eEfMU2AhEo7XnKgL7c304
George Ezra,"['folk-pop', 'modern rock', 'neo-singer-songwriter', 'pop', 'pop rock']",73,3537245,2ysnwxxNtSgbb9t1m2Ur4j
Ella Henderson,"['dance pop', 'pop', 'pop dance', 'post-teen pop', 'talent show', 'tropical house', 'uk pop']",73,1229569,7nDsS0l5ZAzMedVRKPP8F1
James TW,"['neo mellow', 'pop', 'pop rock', 'uk pop']",72,992572,0B3N0ZINFWvizfa8bKiz4v
Helene Fischer,[],73,1333385,7MzHPIXAqIOCnvK0sVY72W
Kacey Musgraves,"['contemporary country', 'country dawn', 'pop', 'texas country']",77,1059078,70kkdajctXSbqSMJbQO424
Louis Armstrong,"['adult standards', 'dixieland', 'harlem renaissance', 'jazz trumpet', 'new orleans jazz', 'swing', 'vocal jazz']",75,2400197,19eLuQmk9aCobbVDHc6eek
Destiny's Child,"['dance pop', 'girl group', 'hip pop', 'pop', 'r&b', 'urban contemporary']",75,5245087,1Y8cdNmUJH7yBTd9yOvr5i
Thurl Ravenscroft,['movie tunes'],63,3653,5Gejwv3xz2DpLcxVpMD6hL
Nat King Cole Trio,"['adult standards', 'big band', 'lounge', 'swing', 'vocal jazz']",58,123553,3OpnoUqoRIHWbsFs4Nw0NQ
Jona Lewie,['new wave pop'],56,7260,3nohf4qILMr5aUSOsolwxB
Norah Jones,"['adult standards', 'contemporary vocal jazz', 'jazz pop', 'neo mellow', 'vocal jazz']",75,2685949,2Kx7MNY7cI1ENniW7vT30N
Kay Starr,"['adult standards', 'big band', 'brill building pop', 'easy listening', 'lounge', 'swing', 'torch song', 'vocal jazz']",57,36727,7rpf45DdbpweG51Acze45i
Tarcísio do Acordeon,[],78,1759871,48HORs6F9P7IgdyKrk4MZC
Mother Mother,"['indie pop', 'vancouver indie']",77,2387667,0e86yPdC41PGRkLp2Q1Bph
Nirvana,"['alternative rock', 'grunge', 'permanent wave', 'rock']",83,14115683,6olE6TJLqED3rqDCT0FyPh
Whitney Houston,"['dance pop', 'pop', 'urban contemporary']",79,7307035,6XpaIBNiVzIetEPCWDvAFP
ABBA,"['europop', 'swedish pop']",83,6970710,0LcJLqbBmaGUft1e9Mm8HV
Outkast,"['atl hip hop', 'dirty south rap', 'hip hop', 'old school atlanta hip hop', 'rap', 'southern hip hop']",76,1812985,1G9G7WwrXka3Z1r7aIDjI7
Purple Disco Machine,"['deep house', 'house', 'tropical house']",75,315149,2WBJQGf1bT1kxuoqziH5g4
